<?xml version="1.0" encoding="UTF-8"?>
<modification>
	<id>Parser - informer of Aliexpress</id>
	<version>2.0.3</version>
	<vqmver>2.5.0</vqmver>
	<author>www.nsk-seo24.ru</author>

 
   <file name="catalog/view/theme/*/template/common/home.tpl">
     <operation error="abort" info="Load Parser - informer">
            <search position="before" error="skip"><![CDATA[<?php echo $footer; ?>]]></search>
            <add><![CDATA[            
			 <style>/* #j-product-info-sku, */
.p-you-can-wishlist, .ui-tab-nav, .store-info-wrap, #j-related-products, .hm-left, .hm-right, .store-header, #j-related-searches, .site-footer, .footer-copywrite, #top-lighthouse, .ui-fixed-panel, .col-sub.detail-sub-wrap, .breadcrumb, #shopping-history, #column-left, #bp-banner-new, #survey-container, #column-right, #narrow-form, .view-btn, #shipping-from-country, .add-keyword, .mobile-app, .ui-notice-prompt, .mobile-discount-trigger,  .s-serve a, #j-multi-sidebar-outer , #pagination-bottom .ui-pagination-goto, .add-to-wishlist, #j-buy-now-btn, #multipleselecthref, #j-product-shipping, #sp-cpanel_btn, #product_ali_form, #product_ali_product,.hm-middle,#brand-store-banner, .gallery-mode .list-item .info-more, .report-item,#stranica_html #header,.related-search-container,dl#j-p-store-promotion, .add-wishlist-action, .all-categories-banner, #related-searches, #j-seller-promise-guarantee, .product-action-block, .categories-wrap {display:none  !important;}   
/*#product_ali_form, #product_ali_product, .hm-middle1{position:absolute;opacity:0;}*/
.logo a {    float: none !important; 	}	.number:nth-child(2) {    display: none;}.logo {    float: none !important;    padding: 0px 0px 0 0 !important;    margin-bottom: 0 !important;} .col-lg-12,#sidebar-main, .col-lg-10 {    width: 100% !important;}.container {    padding-left: 2%!important;    padding-right: 0 !important;    margin-left: auto !important;    margin-right: auto!important;    width: 100% !important;}a {    cursor: pointer !important; 	}header#header {   height: auto !important;	z-index: 9;    position: relative;}	div#pagination-bottom {    float:  left;   margin-top: 56px !important;    position: relative;}div#hs-list-items {    position: relative;    float: left;}.product-attribute-main .msg-error{	}form#product_ali_product {    position: fixed;}</style> 
<?php  
include_once('catalog/view/theme/default/template/common/simple_html_dom.php');
include_once('catalog/view/theme/default/template/common/curl_query.php');
include_once('catalog/view/theme/default/template/common/phpQuery.php');   
?>
<?php    	 						 
	$menu_htmlpagecurl = curl_init("https://tmall.aliexpress.com/?spm=a2g0v.11010108.07001.5.61292a45wfVt23");
	curl_setopt($menu_htmlpagecurl, CURLOPT_RETURNTRANSFER, 1);
	curl_setopt ($menu_htmlpagecurl, CURLOPT_FOLLOWLOCATION, 1); //следование 302 redirect 
	 
	$page2 = curl_exec($menu_htmlpagecurl);
	$page252 = str_get_html($page2);	
//	$article2 = $page252->find('.studio-group', 0); 
	
	 
	echo '<section id=stranica_html class=tmall>' . $page252 . '</section>';										
?> 
		]]></add>
		</operation>	
	</file>
    
</modification>